71,71,71,71,71,71,71,71,71,71,71,0,1,2
71,71,71,71,71,71,71,71,71,71,71,12,16,26
71,71,71,71,71,71,71,71,71,71,71,24,26,71
71,71,71,71,71,71,71,71,71,71,71,71,71,71
71,71,71,71,71,71,71,71,71,71,71,71,71,71
71,71,0,1,2,71,71,71,71,71,71,71,71,71
71,71,12,13,4,2,71,71,71,71,0,1,2,71
71,71,24,15,16,26,71,71,71,71,12,16,26,71
71,71,71,24,26,71,71,71,71,71,24,26,71,71
71,71,71,71,71,71,71,71,71,71,71,71,71,71
71,71,71,71,71,71,71,71,71,71,71,71,71,71
71,71,71,71,71,0,1,2,0,1,2,71,71,71
71,71,71,71,71,12,16,26,12,16,26,71,71,71
71,71,71,71,71,24,26,71,24,26,71,71,71,71
71,71,71,71,71,71,71,71,71,71,71,71,71,71
71,71,71,71,71,71,71,71,71,71,71,71,71,71
71,71,71,71,71,71,71,71,71,71,71,71,71,71
71,71,71,71,71,71,71,71,71,71,71,71,71,71
1,2,71,71,71,71,71,71,71,71,71,71,71,71
25,26,71,71,71,71,71,71,71,71,71,71,71,71
71,71,71,71,71,0,1,2,71,71,71,71,71,71
71,71,71,0,1,3,16,26,71,71,71,71,71,71
71,71,71,12,16,25,26,71,71,71,71,71,71,71
71,71,71,24,26,71,71,71,71,71,71,71,71,71
71,71,71,71,71,71,71,71,71,71,71,71,71,71
71,71,71,71,71,71,71,71,71,71,71,71,71,71
71,71,71,71,71,71,71,71,71,71,71,71,71,71
71,71,71,71,71,71,71,71,71,71,71,71,71,71
71,71,71,71,71,71,71,71,71,71,71,71,71,71
71,71,71,71,71,71,71,71,71,71,71,71,71,71
1,1,2,71,71,71,71,71,71,71,71,71,71,71
15,16,26,71,71,71,71,71,71,71,71,0,1,2
24,26,71,71,71,71,71,71,71,71,0,3,16,26
71,71,71,71,71,71,71,71,71,0,3,16,26,71
71,71,71,71,71,71,71,71,71,12,16,26,71,71
71,71,71,71,71,71,0,1,2,24,26,71,71,71
71,71,71,71,71,71,12,16,26,71,71,71,71,71
71,71,71,71,71,71,24,26,71,71,71,71,71,71
71,71,71,71,71,71,71,71,71,71,71,71,71,71
71,71,71,71,71,71,71,71,71,71,71,71,71,71
71,71,71,71,71,71,71,71,71,71,71,71,71,71
71,71,71,71,71,71,71,71,71,71,71,71,71,71
71,71,71,71,71,71,71,71,71,71,71,71,71,0
71,0,1,2,71,0,1,2,71,71,71,71,71,12
71,12,16,26,71,12,16,26,71,71,71,71,71,24
71,24,26,71,71,24,26,71,71,71,71,71,71,71
71,71,71,71,71,71,71,71,71,71,71,71,71,71
0,1,1,2,71,71,71,71,71,71,71,71,71,71
12,13,16,26,71,71,71,71,71,71,71,71,71,71
24,25,26,71,71,71,71,71,71,71,71,71,71,71
71,71,71,71,71,71,71,71,71,71,71,71,71,71
71,71,71,71,71,71,71,71,71,71,71,71,71,71
71,71,71,71,71,71,71,71,71,71,71,71,71,71
71,71,71,71,71,71,71,71,71,71,71,71,71,71
71,71,71,71,71,71,71,71,71,71,71,71,71,71
71,71,71,71,71,71,71,71,71,71,71,71,71,71
71,71,71,71,71,71,71,71,71,71,71,71,71,71
71,0,1,2,71,71,71,71,71,71,71,71,71,71
71,12,16,26,71,71,71,71,71,71,71,71,71,71
71,24,26,71,71,71,71,71,71,71,71,71,71,71
71,0,1,2,71,71,71,71,71,71,71,71,71,71
71,12,16,26,71,71,71,71,71,71,71,71,71,71
71,24,26,71,71,71,71,71,71,71,71,71,71,71
71,71,71,71,71,71,71,71,71,71,71,71,71,71
71,71,71,71,0,1,2,71,71,71,71,71,71,71
71,71,71,71,12,16,26,71,71,71,71,71,71,71
71,71,71,71,24,26,71,71,71,71,71,71,71,71
71,71,71,71,71,71,71,71,71,71,71,71,71,71
71,71,71,71,71,71,71,71,71,71,71,71,71,71
71,71,71,71,71,71,71,71,71,71,71,71,71,71
71,71,71,71,71,71,71,71,71,71,71,71,71,71
71,71,71,71,71,71,71,71,71,71,71,71,71,71
71,71,71,71,71,71,71,71,71,0,1,2,71,71
71,71,71,71,71,71,71,71,0,3,16,26,71,71
71,71,71,71,71,71,71,71,12,16,26,71,71,71
71,71,71,71,71,71,71,71,24,26,71,71,71,71
71,71,71,71,71,71,71,71,71,71,71,71,71,71
71,71,71,71,71,71,71,71,71,71,71,71,71,71
71,71,71,71,71,71,71,71,71,71,71,71,71,71
71,71,71,71,71,71,71,71,71,71,71,71,71,71
71,71,71,71,71,71,71,71,71,71,71,71,71,71
71,71,71,71,71,71,71,71,71,71,71,71,71,71
71,71,71,71,71,71,71,71,71,71,71,71,71,71
71,0,1,2,71,71,71,71,71,71,71,71,71,71
71,12,16,26,71,71,71,71,71,71,71,71,71,71
71,24,26,71,71,71,71,71,71,71,71,71,71,71
71,71,71,71,71,71,71,71,71,71,71,71,71,71
71,71,71,71,71,71,71,71,71,71,71,71,71,71
71,71,71,71,71,71,71,71,71,71,71,71,71,71
71,71,71,71,71,71,71,71,71,71,71,71,71,71
71,71,71,71,71,71,71,71,71,71,71,71,71,71
71,71,71,71,71,71,71,71,71,71,71,71,71,71
71,71,71,71,71,71,71,71,71,71,71,71,71,71
71,71,71,71,71,71,71,71,71,71,71,71,71,71
71,71,71,71,71,71,71,71,71,71,71,71,71,71
71,71,71,71,71,71,71,71,71,71,71,71,71,71
71,71,71,71,71,71,71,71,71,71,71,71,71,71
71,71,71,71,71,71,71,71,71,71,71,71,71,71
71,71,71,71,71,71,71,71,71,71,71,71,71,71
71,71,71,71,71,71,71,71,71,71,71,71,71,71
71,71,71,71,71,71,71,71,71,71,71,71,71,71
71,71,71,71,71,71,71,71,71,71,71,71,71,71
71,71,71,71,71,71,71,0,1,2,71,71,71,71
71,71,71,71,71,71,71,12,16,26,71,71,71,71
71,71,71,71,71,71,71,24,26,71,71,71,71,71
71,71,71,71,71,71,71,71,71,71,71,71,71,71
71,71,71,71,71,0,1,2,71,71,71,71,71,0
71,71,71,71,0,3,16,26,71,71,71,71,0,3
71,71,71,71,12,16,26,71,71,71,71,71,12,16
71,71,71,71,24,26,71,71,71,71,71,71,24,26
71,71,71,71,71,71,71,71,71,71,71,71,71,0
71,71,71,71,71,71,71,71,71,71,71,71,71,12
71,71,71,71,71,71,71,0,1,1,2,71,71,24
71,71,71,71,71,71,71,12,28,16,26,71,71,71
71,71,71,71,71,71,71,24,25,26,71,71,71,0
71,71,71,71,71,71,71,71,71,71,71,71,71,12
0,1,1,2,71,71,71,71,71,71,71,71,71,24
12,13,16,26,71,71,71,71,71,71,71,71,71,71
24,25,26,71,71,71,71,71,71,71,71,71,71,71
71,71,71,71,71,71,71,71,71,71,71,71,71,71
71,71,71,71,71,71,71,71,71,71,71,71,71,71
71,71,71,71,71,71,71,71,71,71,71,71,71,71
71,71,71,71,71,71,71,71,71,71,71,71,71,71
71,71,71,71,71,71,71,71,71,71,71,71,71,71
71,71,71,71,71,71,71,71,71,0,1,2,71,71
71,71,71,71,71,71,71,71,71,12,16,26,71,71
71,71,71,71,71,71,71,71,71,24,26,71,71,71
71,71,71,71,71,71,71,71,71,71,71,71,71,71
71,0,1,2,71,71,71,71,71,71,71,71,71,71
71,12,16,26,71,71,71,71,71,71,71,71,71,71
71,24,26,71,71,71,71,71,71,0,1,2,71,71
71,71,71,71,71,71,71,71,71,12,16,26,71,71
71,71,71,71,71,71,71,71,71,24,26,71,71,71
71,71,71,71,71,71,71,71,71,71,71,0,1,2
71,71,71,71,71,71,71,71,71,71,71,12,16,26
71,71,71,0,1,2,71,71,71,71,71,24,26,71
71,71,71,12,16,26,71,71,71,71,71,71,71,71
71,71,71,24,26,71,71,71,71,71,71,71,71,71
71,0,1,2,71,71,71,71,71,71,71,71,71,71
71,12,13,4,2,71,71,71,71,71,71,71,71,71
71,24,15,16,26,71,71,71,71,71,71,71,71,71
71,71,24,26,71,71,71,71,71,71,71,71,71,71
71,71,71,71,71,71,71,71,71,71,71,71,71,71
71,71,71,71,71,71,71,71,71,71,71,71,71,71
71,71,71,71,71,71,71,71,71,71,71,71,71,71
71,71,71,71,71,71,71,71,71,71,71,71,71,71
71,71,71,71,71,71,71,71,71,71,71,71,71,71
71,71,71,71,71,71,71,71,71,71,71,71,71,71
71,71,0,1,2,71,71,71,71,71,71,71,71,71
71,71,12,28,14,71,71,71,71,71,71,71,71,71
71,71,12,16,26,71,71,71,71,0,1,2,71,71
71,71,24,26,71,71,71,71,71,12,16,26,71,71
71,71,71,71,71,71,71,71,71,24,26,71,71,71
71,71,71,71,71,71,71,71,71,71,71,71,71,71
71,71,71,71,71,71,71,71,71,71,71,71,71,71
71,71,71,71,71,71,71,71,71,71,71,71,71,71
71,71,71,71,71,71,71,71,71,71,71,71,71,71
71,71,71,71,71,71,71,71,71,71,71,71,71,71
71,71,71,71,71,71,71,71,71,71,71,71,71,71
71,71,71,71,71,71,71,71,71,71,71,71,71,71
71,71,71,71,71,71,71,71,71,71,71,71,71,71
71,71,71,71,71,71,71,71,71,71,71,71,71,71
71,71,71,71,71,71,71,71,71,71,71,71,71,71
71,71,71,71,71,71,71,71,71,71,71,71,71,71
71,71,71,71,71,71,71,71,71,71,71,71,71,71
71,71,71,71,71,71,71,71,71,71,71,71,71,71
71,71,71,71,71,71,71,71,71,71,71,71,71,71
71,71,71,71,71,71,71,71,71,71,71,71,71,71
71,71,71,71,71,71,71,71,71,71,71,71,71,71
71,71,71,71,71,71,71,71,71,71,71,71,71,71
71,71,71,71,71,71,71,71,71,71,71,71,71,71
71,71,71,71,71,71,71,71,71,71,71,71,71,71
71,71,71,71,71,71,71,71,71,71,71,71,71,71
71,71,71,71,71,71,71,71,71,71,71,71,71,71
71,71,71,71,71,71,71,71,71,71,71,71,71,71
71,71,71,71,71,71,71,71,71,71,71,71,71,71
71,71,71,71,71,71,71,71,71,71,71,71,71,71
71,71,71,71,71,71,71,71,71,71,71,71,71,71
71,0,1,2,71,71,71,71,71,0,1,2,71,71
71,12,16,26,71,71,71,71,71,12,16,26,71,71
71,24,26,71,71,71,71,71,71,24,26,71,71,71
71,71,71,71,71,71,71,71,71,71,71,71,71,71
71,71,71,71,71,71,71,71,71,71,71,71,71,71
71,71,71,71,71,71,71,71,71,71,71,71,71,71
71,71,71,71,71,71,71,71,71,71,71,71,71,71
71,71,71,71,71,71,71,71,71,71,71,71,71,71
71,71,71,0,1,2,71,71,71,71,71,71,71,71
71,71,71,12,16,26,71,71,71,71,71,71,71,71
71,71,71,24,26,71,71,71,71,71,71,71,71,71
71,71,71,71,71,71,71,71,71,71,71,71,71,71
71,71,71,71,71,71,71,71,71,71,71,71,71,71
71,71,71,71,71,71,71,71,71,71,71,71,71,71
71,71,71,71,71,71,71,71,71,71,71,71,71,71
71,71,71,71,71,71,71,71,71,71,71,71,71,71
71,71,71,71,71,71,71,71,71,71,71,71,71,71
71,71,71,71,71,71,71,71,71,71,71,71,71,71
71,71,71,71,71,71,71,71,71,71,71,71,71,71
71,71,71,71,71,71,71,71,71,71,71,71,71,71
71,71,71,71,71,71,71,71,71,71,71,71,71,71
71,71,71,71,71,71,71,71,71,71,71,71,71,71
71,71,71,71,71,71,71,71,71,71,71,71,71,71
71,71,71,71,71,71,71,71,71,71,71,71,71,71
71,71,71,71,71,71,71,71,71,71,71,71,71,71
71,71,71,71,71,71,71,71,71,71,71,71,71,71
71,71,0,1,2,71,71,71,71,71,71,71,71,71
0,1,3,16,26,71,71,71,71,71,71,71,71,71
12,16,25,26,71,71,71,71,71,71,71,71,71,71
24,26,71,71,71,71,71,71,71,71,71,71,71,71
71,71,71,71,71,71,71,71,71,71,71,71,71,71
71,71,71,71,71,71,71,71,71,71,71,71,71,71
71,71,71,71,71,71,71,71,71,71,71,71,71,71
71,71,71,71,71,71,71,71,71,71,71,71,71,71
71,71,71,71,71,71,71,71,71,71,71,71,71,71
71,71,0,1,2,71,71,71,71,71,71,71,71,71
71,0,3,16,26,71,71,71,71,71,71,71,71,71
71,12,16,26,71,71,71,71,71,71,71,71,71,71
71,24,26,71,71,71,71,71,71,71,71,71,71,71
71,71,71,71,71,71,71,71,71,71,71,71,71,71
71,71,71,71,71,71,71,0,1,2,71,71,71,71
71,71,71,71,71,71,71,12,16,26,71,71,71,71
71,71,71,0,1,2,71,24,26,71,71,71,71,71
71,71,71,12,16,26,71,71,71,71,71,71,71,71
71,71,71,24,26,71,71,71,71,71,71,71,71,71
71,71,71,71,71,71,71,71,71,71,71,71,71,71
71,71,71,71,71,71,71,71,71,71,71,71,71,71
71,71,71,71,71,71,71,71,71,71,71,71,71,71
71,71,71,71,71,71,71,71,71,71,71,71,71,71
1,2,71,71,71,71,71,71,71,71,71,71,71,71
15,4,2,71,71,71,71,71,71,71,71,71,71,71
12,16,26,71,71,71,71,71,71,71,71,71,71,71
24,26,71,71,71,71,71,71,71,71,71,71,71,71
71,71,71,71,71,71,71,71,71,71,71,71,71,71
71,71,71,71,71,71,71,71,71,0,1,2,71,71
71,71,71,71,71,71,71,71,71,12,16,26,71,71
71,71,71,71,71,71,71,71,71,24,26,71,71,71
71,71,71,71,71,71,71,71,71,71,71,71,71,71
71,71,71,71,71,71,71,71,71,71,71,71,71,71
71,71,71,71,71,71,71,71,71,71,71,71,71,71
71,71,71,71,71,71,71,71,71,71,71,71,71,71
71,71,71,71,71,71,71,71,71,71,71,71,71,71
71,71,71,71,71,71,71,71,71,71,71,71,71,71
71,71,71,71,71,71,71,71,71,71,71,71,71,71
71,71,71,71,71,71,71,71,71,71,71,71,71,71
71,71,71,71,71,71,71,71,71,71,71,71,71,71
71,71,71,71,71,71,71,71,71,71,71,71,71,71
71,71,71,71,71,71,71,71,71,71,71,71,71,71
71,71,71,71,71,71,71,71,71,71,71,71,71,71
71,71,71,71,71,71,71,71,71,71,71,71,71,71
71,71,71,71,71,71,71,71,71,71,71,71,71,71
71,71,71,71,71,71,71,71,71,71,71,71,71,71
71,71,71,71,71,71,71,71,71,71,71,71,71,71
71,71,71,71,71,0,1,2,71,71,71,71,71,71
71,71,71,71,71,12,16,26,71,71,71,71,71,71
71,71,71,71,71,24,26,71,71,71,71,71,71,71
71,71,71,71,71,71,71,71,71,71,71,71,71,71
71,71,71,71,71,71,71,71,71,71,71,71,71,71
71,71,71,71,71,71,71,71,71,71,71,71,71,71
71,71,71,71,71,71,71,71,71,71,71,71,71,71
71,71,71,71,71,71,71,71,71,71,71,71,71,71
71,71,71,71,71,71,71,71,71,71,71,71,71,71
71,71,71,71,71,71,71,71,71,71,71,71,71,71
71,71,71,71,71,71,71,71,71,71,71,71,71,0
71,71,71,71,71,71,71,71,71,71,71,71,71,12
71,71,71,71,71,71,71,71,71,71,71,71,71,24
1,2,71,71,71,71,71,71,71,71,71,71,71,71
25,26,71,71,71,71,71,71,71,71,71,71,71,71
71,71,71,71,71,71,71,71,71,71,71,71,71,71
71,71,71,71,71,71,71,71,71,71,71,71,71,71
71,71,71,71,71,71,71,71,71,71,71,71,71,71
71,71,71,71,71,71,71,71,71,71,71,71,71,71
71,71,71,71,71,71,71,71,71,71,71,71,71,71
71,71,71,71,71,71,0,1,2,71,71,71,71,71
71,71,71,71,71,71,12,16,26,71,71,71,71,71
71,0,1,2,71,71,24,26,71,71,71,71,71,71
71,12,16,26,71,71,71,71,71,71,71,71,71,71
71,24,26,71,71,71,71,71,71,71,71,71,71,71
71,71,71,71,71,71,71,71,71,71,0,1,2,71
71,71,71,71,71,71,71,71,71,71,12,16,26,71
71,71,71,71,71,71,71,71,71,71,24,26,71,71
71,71,71,71,71,71,71,71,71,71,71,71,71,71
71,71,71,71,71,71,71,71,71,71,71,71,71,71
71,71,71,71,71,71,0,1,2,71,71,71,71,71
71,71,71,71,71,71,12,16,26,71,71,71,71,71
71,71,71,71,71,71,24,26,71,71,71,71,71,71
71,71,71,71,71,71,71,71,71,71,71,71,71,71
71,71,71,71,71,71,71,71,71,71,71,71,71,71
71,71,71,71,71,71,71,71,71,71,71,71,71,71
71,71,71,71,71,71,71,71,71,71,71,71,71,71
71,71,71,71,71,71,71,71,71,71,71,71,71,71
71,71,71,71,71,71,71,71,71,71,71,71,71,71
71,71,71,71,71,71,71,71,71,71,71,71,71,71
71,71,71,71,71,71,71,71,71,71,71,71,71,71
71,71,71,71,71,71,71,71,71,71,71,71,71,71
71,71,71,71,71,71,71,71,71,71,71,71,71,71
71,71,71,71,71,71,71,71,71,71,71,71,71,71
71,71,71,71,71,71,71,71,71,71,71,71,71,71
71,71,71,71,71,71,71,71,71,71,71,71,71,71
71,71,71,71,71,71,71,71,71,71,71,71,71,71
71,71,71,71,71,71,71,71,71,71,71,71,71,71
71,71,71,71,71,71,71,71,71,71,71,71,71,71
71,71,71,71,0,1,2,71,71,71,71,71,71,71
71,71,71,71,12,16,26,71,71,71,71,71,71,71
71,71,71,71,24,26,71,71,71,71,71,71,71,71
71,71,71,71,71,71,71,71,71,71,71,71,71,71
71,71,71,71,71,71,71,71,71,71,71,71,71,71
71,71,71,71,71,71,71,71,71,71,71,71,71,71
71,71,71,71,71,71,71,71,71,71,71,71,71,71
71,71,71,71,71,71,71,71,71,71,71,71,71,71
71,71,71,71,71,71,71,71,71,71,71,71,71,71
71,71,71,71,71,71,71,71,71,71,71,71,71,71
71,71,71,71,71,71,71,71,71,71,71,71,71,71
71,71,71,71,71,71,71,71,71,71,71,71,71,71
71,71,71,71,71,71,71,71,71,71,71,71,71,71
71,71,71,71,71,71,71,71,71,71,71,71,71,71
71,71,71,71,71,71,71,71,71,71,71,71,71,71
71,71,71,71,71,71,71,71,71,71,71,71,71,71
71,71,71,71,71,71,71,71,71,71,71,71,71,71
71,71,71,71,71,71,71,71,71,71,71,71,71,71
71,71,71,71,71,71,71,0,1,2,71,71,71,71
71,71,71,71,71,71,71,12,16,26,71,71,71,71
71,71,71,71,71,71,71,24,26,71,71,71,71,71
71,71,71,71,71,71,71,71,71,71,71,71,71,71
71,71,71,71,71,71,71,71,71,71,71,71,71,71
71,71,71,71,71,71,71,71,71,71,71,71,71,0
71,71,71,71,71,71,71,71,71,71,71,71,71,12
71,71,71,71,71,71,71,71,71,71,71,71,71,12
71,71,71,71,71,71,71,71,71,71,71,71,71,24
71,71,71,71,71,71,71,71,71,71,71,71,71,71
71,71,71,71,71,71,71,71,71,71,71,71,71,71
71,71,71,71,71,71,71,71,71,71,71,71,71,71
71,71,71,71,71,71,71,71,71,0,1,2,71,71
71,71,71,71,71,71,71,71,71,12,13,4,2,71
71,71,71,71,71,71,71,71,71,24,15,16,26,71
71,71,71,71,71,71,71,71,71,71,24,26,71,71
71,71,71,71,71,71,71,71,71,71,71,71,71,71
71,71,71,71,71,71,71,71,71,71,71,71,71,71
71,71,71,71,71,71,71,71,71,71,71,71,71,71
71,71,71,71,71,71,71,71,71,71,71,71,71,71
71,71,71,71,71,71,71,0,1,2,71,71,71,71
71,71,71,71,71,71,71,12,28,14,71,71,71,71
71,71,71,71,71,71,71,12,16,26,71,71,71,71
71,71,71,71,71,71,71,24,26,71,71,71,71,71
71,71,71,71,71,71,71,71,71,71,71,71,71,71
71,71,71,71,71,71,71,71,71,71,71,71,71,71
71,71,71,71,71,71,71,71,71,71,71,71,71,71
71,71,71,71,71,71,71,71,71,71,71,71,71,71
71,71,71,71,71,71,71,71,71,71,71,71,71,71
71,71,71,71,71,71,71,71,71,71,71,71,71,71
71,71,71,71,71,71,71,71,71,71,71,71,71,71
71,71,71,71,71,71,71,71,71,0,1,2,71,71
71,71,71,71,71,71,71,71,71,12,16,26,71,71
71,71,71,71,71,71,71,71,71,24,26,71,71,71
71,71,71,71,71,71,71,71,71,71,71,71,71,71
71,71,71,71,71,71,71,71,71,71,71,71,71,71
71,71,71,71,71,71,71,71,71,71,71,71,71,71
71,71,71,71,71,71,71,71,71,71,71,71,71,71
71,71,71,71,71,71,71,71,71,71,71,71,71,71
71,71,71,71,71,71,71,71,71,71,71,71,71,71
71,71,71,71,71,71,71,71,71,71,71,71,71,71
71,71,71,71,71,71,71,71,71,71,71,71,71,71
71,71,71,71,71,71,71,71,71,71,71,71,71,71
71,71,71,71,71,71,71,71,71,71,71,71,71,71
71,71,71,71,71,71,71,71,71,71,71,71,71,71
71,71,71,71,71,71,71,71,71,71,71,71,71,71
71,71,71,71,71,71,71,71,71,71,71,71,71,71
71,71,71,71,71,71,71,71,71,71,71,71,0,1
71,71,71,71,71,71,71,71,71,71,71,71,12,16
71,71,71,71,71,71,71,71,71,71,71,71,24,26
0,1,2,71,71,71,71,71,71,71,71,71,71,71
12,16,26,71,71,71,71,71,71,71,71,71,71,71
24,26,71,71,71,71,71,71,71,71,71,71,71,71
71,71,71,71,71,71,71,71,71,71,71,71,71,71
71,71,71,0,1,2,0,1,2,71,71,71,71,71
71,71,71,12,13,14,12,16,26,71,71,71,71,71
71,71,71,12,16,26,24,26,71,71,71,71,71,71
71,71,71,24,26,71,71,71,71,71,0,1,2,71
71,71,71,71,71,71,71,71,71,71,12,16,26,71
71,71,71,71,71,71,71,71,71,71,24,26,71,71
71,71,71,71,71,71,71,71,71,71,71,71,71,71
71,71,71,71,71,71,71,71,71,71,71,71,71,71
71,71,71,71,71,71,71,71,71,71,71,71,71,0
71,71,71,71,71,71,71,71,71,71,71,71,0,3
71,71,71,71,71,71,71,71,71,71,71,71,12,28
71,71,71,0,1,2,71,71,71,71,71,71,12,16
71,71,0,3,16,26,71,71,71,0,1,2,24,26
71,71,12,16,26,71,71,71,71,12,16,26,71,71
71,71,24,26,71,0,1,2,71,24,26,71,71,71
71,71,71,71,71,12,16,26,71,71,71,71,71,71
71,0,1,2,71,24,26,71,71,71,71,71,71,71
71,12,16,26,71,71,71,71,71,71,71,71,71,71
71,24,26,71,71,71,71,71,71,71,71,71,71,71
71,71,71,71,71,71,71,71,71,71,71,71,71,71
71,71,71,71,71,71,71,71,71,71,71,71,71,71
71,71,71,71,71,71,71,71,71,71,71,71,71,71
71,71,71,71,71,71,71,71,71,71,71,71,71,71
71,71,71,71,71,71,71,71,71,71,71,71,71,71
71,71,71,71,71,0,1,2,71,71,71,71,71,71
71,71,71,71,71,12,16,26,71,71,71,71,71,71
71,71,71,71,71,24,26,0,1,2,71,71,71,71
71,71,71,71,71,71,71,12,16,26,71,71,71,71
71,71,71,71,71,71,71,24,26,71,71,71,71,71
71,71,71,71,71,71,0,1,2,71,71,71,71,71
71,71,71,71,71,71,12,16,26,71,71,0,1,2
71,71,71,71,71,71,24,26,71,71,71,12,16,26
71,71,71,71,71,71,71,71,71,71,71,24,26,71
71,71,71,71,71,71,71,71,71,71,71,71,71,71
71,71,71,71,71,71,71,71,71,71,71,71,71,71
71,71,71,71,71,71,71,71,71,71,71,71,71,71
71,71,71,71,71,71,71,71,71,71,71,71,71,71
71,71,71,71,71,71,71,71,71,71,71,71,71,71
71,71,71,71,71,71,71,71,71,71,71,71,71,71
71,71,71,71,71,71,71,71,71,71,71,71,71,71
71,71,71,71,71,71,71,71,0,1,1,2,71,71
71,71,71,71,71,71,71,71,12,13,16,26,71,71
71,71,71,71,71,71,71,71,24,25,26,71,71,71
71,71,71,71,71,71,71,71,71,71,71,71,71,71
71,71,71,71,71,71,71,71,71,71,71,71,71,71
71,71,71,71,71,71,71,71,0,1,2,71,71,71
71,71,71,71,71,71,71,71,12,16,26,71,71,71
71,71,71,71,71,71,71,71,24,26,71,71,71,71
71,71,71,71,71,71,71,71,71,71,71,71,71,71
71,71,71,71,71,71,71,71,71,71,71,71,71,71
71,71,71,71,71,71,71,71,71,71,71,71,71,71
71,71,71,71,71,71,71,71,71,71,71,71,71,71
71,0,1,2,71,71,71,71,71,71,71,71,71,71
71,12,16,26,71,71,71,71,71,71,71,71,71,71
71,24,26,71,71,71,71,71,71,71,71,71,71,71
71,71,71,71,71,71,71,71,71,71,71,71,71,71
71,71,71,71,71,71,71,71,71,71,71,71,71,71
71,71,71,71,71,71,71,71,71,71,71,71,71,71
71,71,71,71,71,71,71,71,71,71,71,71,71,71
71,71,71,71,71,71,71,71,71,71,71,71,71,71
71,71,71,71,71,71,71,71,71,71,71,71,71,71
71,71,71,71,71,71,71,71,71,71,71,71,71,71
71,71,71,71,71,71,71,71,71,71,71,71,71,71
71,71,71,71,71,71,71,71,71,71,71,71,71,71
71,71,71,71,71,71,71,71,71,71,71,71,71,71
71,71,71,71,71,71,71,71,71,71,71,71,71,71
71,71,71,71,71,71,71,71,71,71,71,71,71,71
71,71,71,71,71,71,71,71,71,71,71,71,71,71
71,71,71,71,71,71,71,71,71,71,71,71,71,71
71,71,71,71,71,71,71,71,0,1,2,71,71,71
71,71,71,71,71,71,71,71,12,16,26,71,71,71
71,71,71,71,71,71,71,0,3,14,71,71,71,71
71,71,71,71,71,71,71,12,16,26,71,71,71,71
71,71,71,71,71,71,71,24,26,71,71,71,71,71
71,71,71,71,71,71,71,71,71,71,71,71,71,71
71,71,71,71,71,71,71,71,71,71,71,71,71,71
71,71,71,71,71,71,71,71,71,71,71,71,71,71
71,71,71,71,71,71,71,71,71,71,71,71,71,71
71,71,71,71,71,71,71,71,71,71,71,71,71,71
71,71,71,71,71,71,71,71,71,71,71,71,71,71
71,71,71,71,71,71,71,71,71,71,71,71,71,71
71,71,71,71,71,71,71,71,71,71,71,71,71,71
71,71,71,71,71,71,71,71,71,71,71,71,71,71
71,71,71,71,71,71,71,71,71,71,71,71,71,71
71,71,71,71,71,71,71,71,71,71,71,71,71,71
71,71,71,71,71,71,71,71,71,71,71,71,71,71
71,71,71,71,71,71,71,71,71,71,71,71,71,71
71,71,71,71,71,71,71,71,71,71,71,71,71,71
71,71,71,71,71,71,71,71,71,71,71,71,71,71
71,71,71,71,71,71,71,71,71,71,71,71,71,71
71,71,71,71,71,71,71,71,71,71,71,71,71,71
71,71,71,71,71,71,71,71,71,71,71,71,71,71
71,71,71,71,71,71,71,71,71,71,71,71,71,71
71,71,71,71,71,71,71,71,71,71,71,71,71,71
71,71,71,71,71,71,71,71,71,71,71,71,71,71
71,71,71,71,71,71,71,71,71,71,71,71,71,71
71,71,71,71,71,71,71,71,71,71,71,71,71,71
71,71,71,71,71,71,71,71,71,71,71,71,71,71
71,71,71,71,71,71,71,71,71,71,71,71,71,71
71,71,71,71,71,71,71,71,71,71,71,71,71,71
71,71,71,71,71,71,71,71,0,1,2,71,71,71
71,71,71,71,71,71,71,71,12,16,26,71,71,71
71,71,71,71,71,71,71,71,24,26,71,71,71,71
71,71,71,71,71,0,1,1,2,71,71,71,71,71
71,71,71,71,71,12,13,16,26,71,71,71,71,71
71,71,71,71,71,24,25,26,71,71,71,71,71,71
71,71,71,71,71,71,71,71,71,71,71,71,71,71
71,71,71,71,71,71,71,71,71,71,71,71,71,71
71,71,71,71,71,71,71,71,71,71,71,71,71,71
71,71,71,71,71,71,71,71,71,71,71,71,71,71
71,71,71,71,71,71,71,71,71,71,71,71,71,71
71,71,71,71,71,71,71,71,71,71,71,71,71,71
71,71,71,71,71,71,71,71,71,71,71,71,71,0
71,71,71,71,71,71,71,71,71,71,71,71,71,12
71,71,71,71,71,71,71,71,71,71,71,71,71,24
71,71,71,71,71,71,71,71,71,71,71,71,71,71
71,71,71,71,71,71,71,71,71,71,71,71,71,71
71,71,71,71,71,71,71,71,71,71,71,71,71,71
71,71,71,71,71,71,71,71,71,71,71,71,71,71
71,71,71,71,71,71,71,71,71,71,71,71,71,71
71,71,71,71,71,71,71,71,71,71,71,71,71,71
71,71,71,71,71,71,71,71,71,71,71,71,71,71
71,71,71,71,71,71,71,71,71,71,71,71,71,71
71,71,71,71,71,71,71,71,71,71,71,71,71,71
71,71,71,71,71,71,71,71,71,71,71,71,71,71
71,71,71,71,71,71,71,71,71,71,71,71,71,71
71,71,71,71,71,71,71,71,71,71,71,71,71,71
71,71,71,71,71,71,71,71,71,71,71,71,71,71
71,71,71,71,71,71,71,71,71,71,71,71,71,71
71,71,71,71,71,71,71,71,71,71,71,71,71,71
71,71,71,71,71,71,71,71,71,71,71,71,71,71
1,2,71,71,71,71,71,71,71,71,71,71,71,71
25,26,71,71,71,71,71,71,71,71,71,71,71,71
71,71,71,71,71,71,71,71,71,71,71,71,71,71
71,71,71,71,71,71,71,0,1,2,71,71,71,71
71,71,71,71,71,71,71,12,16,26,71,71,71,71
71,71,71,71,71,71,71,24,26,71,71,71,71,71
71,71,71,71,71,71,71,71,71,71,71,71,71,71
71,71,71,71,71,71,71,71,71,71,71,71,71,71
71,71,71,71,71,71,71,71,71,71,71,71,71,71
71,71,71,71,71,71,71,71,71,0,1,2,71,71
71,71,71,71,71,71,71,71,71,12,16,26,71,71
71,71,71,71,71,0,1,2,71,24,26,71,71,71
71,71,71,71,71,12,16,26,71,71,71,71,71,71
71,71,71,71,71,24,26,71,71,71,71,71,71,71
71,71,71,71,71,71,71,71,71,71,71,71,71,71
71,71,71,71,71,71,71,71,71,71,71,71,71,71
71,71,71,71,71,71,71,71,71,71,71,71,71,71
71,71,71,71,71,71,71,71,71,71,0,1,2,71
71,71,71,71,71,71,71,71,71,71,12,16,26,71
71,71,71,71,71,71,71,71,71,71,24,26,71,71
71,71,71,71,71,71,71,71,71,71,71,71,71,71
71,71,71,71,71,71,71,71,71,71,71,71,71,71
71,71,71,71,71,71,71,71,71,71,71,71,71,71
71,71,71,71,71,71,71,71,71,71,71,71,71,71
71,71,71,71,71,71,71,0,1,2,0,1,2,71
71,71,71,71,71,71,71,12,27,4,3,16,26,71
71,71,71,71,71,71,71,12,13,16,25,26,71,71
71,71,71,71,71,71,71,12,16,26,71,71,71,71
71,71,71,71,71,71,71,24,26,71,71,71,71,71
71,71,71,71,71,71,71,71,71,71,71,71,71,71
71,71,71,71,71,71,71,71,71,71,71,71,71,71
71,71,71,71,71,71,71,71,71,71,71,71,71,71
0,1,2,71,71,71,71,71,71,71,71,71,71,71
12,13,4,2,71,71,71,71,71,71,71,71,71,71
3,13,16,26,71,71,71,71,71,71,71,71,0,1
25,25,26,71,71,71,71,71,71,71,71,71,12,13
71,71,71,71,71,71,71,71,71,71,71,71,24,15
71,71,71,71,71,71,71,71,71,71,71,71,71,24
71,71,71,71,71,71,71,71,71,71,71,71,71,71
71,71,71,71,71,71,71,71,71,71,71,71,71,71
71,71,71,71,71,71,71,71,71,71,71,71,71,71
71,71,71,71,71,71,71,71,71,71,71,71,71,71
71,71,71,71,71,71,71,71,71,71,71,71,71,71
71,0,1,2,71,71,71,71,71,71,71,71,71,71
71,12,16,26,71,71,71,71,71,71,71,71,71,71
71,24,26,71,71,71,71,71,71,0,1,2,71,71
71,71,71,71,71,71,71,71,71,12,16,26,71,71
71,71,71,71,71,71,71,71,71,24,26,71,71,71
71,71,71,71,71,71,71,71,71,71,71,71,71,71
71,71,71,71,71,71,71,71,71,71,71,71,71,71
71,71,71,71,71,71,71,71,71,71,71,71,71,71
71,71,71,71,71,71,71,71,71,71,71,71,71,71
71,71,71,71,71,71,71,71,71,71,71,71,71,71
71,71,71,71,71,71,71,71,71,71,71,71,71,71
71,71,71,71,71,71,71,71,71,71,71,71,71,71
71,71,71,71,71,71,71,71,71,71,71,71,71,71
71,71,71,71,71,71,71,71,71,71,71,71,71,71
71,71,71,71,71,71,71,71,71,71,71,71,71,71
71,71,71,71,71,71,71,71,71,71,71,71,71,71
71,71,71,71,71,71,71,71,71,71,71,71,71,71
71,71,71,71,71,71,71,71,71,71,71,71,71,71
71,71,71,71,71,71,71,71,71,71,71,71,71,71
71,71,71,71,71,71,71,71,71,71,71,71,71,71
71,71,71,71,71,71,71,71,71,71,71,71,71,71
1,2,71,71,71,71,71,71,71,71,71,71,71,71
25,26,71,71,71,71,71,71,71,71,71,71,71,71
71,71,71,71,71,71,71,71,71,71,71,71,71,71
71,71,71,71,71,71,71,71,71,71,71,71,71,71
71,71,71,71,71,71,71,71,71,71,71,71,71,71
71,71,71,71,71,71,71,71,71,71,71,71,71,71
71,71,71,71,71,71,71,71,71,71,71,71,71,71
71,71,71,71,71,71,71,71,71,71,71,71,71,71
71,71,71,71,71,71,71,71,71,71,71,71,71,71
71,71,71,71,71,71,71,71,71,71,71,71,71,71
71,71,71,71,71,71,71,71,71,71,71,71,71,71
71,71,71,71,71,71,71,71,71,71,71,71,71,71
71,71,71,71,71,71,71,71,71,71,71,71,71,71
71,71,71,71,71,71,71,71,71,71,71,71,71,71
71,71,71,71,71,71,71,71,71,71,71,71,71,71
71,71,71,71,71,71,71,71,71,71,71,71,71,71
71,71,71,71,71,71,71,71,71,71,71,71,71,71
71,71,71,71,71,71,71,71,71,71,71,71,71,71
71,71,71,71,71,71,71,71,71,71,0,1,2,71
71,71,71,71,71,71,71,71,71,71,12,16,26,71
71,71,71,71,71,71,71,71,71,71,24,26,71,71
1,2,71,71,71,71,71,71,71,71,71,71,71,71
25,26,71,71,71,71,71,71,71,71,71,71,71,71
71,71,71,71,71,71,71,71,71,71,71,71,71,71
71,0,1,2,71,71,71,71,71,71,71,71,71,71
71,12,16,26,71,71,71,71,71,71,71,71,71,71
71,24,26,71,71,71,71,71,71,71,71,71,71,71
71,71,71,71,71,71,71,71,71,71,71,71,71,71
71,71,71,71,71,71,71,71,71,71,71,71,71,71
71,71,71,71,71,71,71,71,71,71,71,71,71,71
71,71,71,71,71,71,71,71,71,71,71,71,71,71
71,71,71,71,71,0,1,2,71,71,71,71,71,71
71,71,71,71,71,12,16,26,71,71,71,71,71,71
