31,38,71,71,71,71,71,71,71,32,71,23,71,58,0
71,71,71,30,3,17,0,7,0,71,71,60,71,71,0
71,6,60,71,46,71,71,67,71,29,71,0,71,68,0
71,14,71,0,71,71,71,67,71,46,44,71,71,71,0
71,0,71,71,30,1,71,71,38,71,48,19,71,71,0
71,32,4,71,71,0,12,14,71,62,71,60,71,32,0
30,32,71,71,34,71,70,71,54,71,71,32,38,47,0
14,71,71,71,38,47,71,71,71,23,58,71,71,71,0
31,71,71,59,71,71,69,4,0,0,6,15,13,0,0
50,71,71,71,71,71,38,71,10,71,71,60,71,47,0
71,71,10,71,18,7,71,1,71,9,71,9,71,11,0
71,6,71,15,44,71,61,71,71,71,71,71,38,67,0
71,71,71,38,46,58,59,22,4,24,71,11,56,58,0
34,71,71,71,71,71,71,71,71,0,71,60,5,71,0
71,71,71,62,70,71,48,62,54,71,71,61,71,68,0
71,50,71,0,0,6,38,10,71,29,71,71,19,71,0
3,71,71,0,71,38,71,71,71,71,71,7,38,71,0
71,71,8,71,65,71,5,71,71,71,71,60,71,71,0
71,71,0,71,46,71,71,58,16,71,71,44,61,32,0
71,71,71,71,71,67,36,71,7,8,71,71,1,32,0
71,71,8,71,6,71,71,71,71,71,71,3,71,47,0
31,71,0,71,71,71,70,71,54,24,71,60,5,71,0
71,71,71,71,3,71,58,71,71,3,71,59,71,13,0
71,71,10,71,20,71,68,5,71,71,71,71,71,0,0
71,51,71,0,0,71,71,71,71,12,0,71,5,0,0
6,71,71,71,46,71,71,71,38,71,71,71,71,0,0
14,71,7,71,71,71,71,63,71,5,71,71,3,0,0
7,71,60,71,6,71,71,71,71,71,4,71,71,0,0
38,71,46,71,71,71,3,13,8,60,48,71,71,0,0
71,71,71,65,3,71,71,71,10,10,71,7,41,0,0
71,1,3,43,46,71,71,71,71,71,60,60,71,0,0
34,65,71,71,71,71,71,71,6,71,32,10,71,0,0
7,59,71,71,71,71,71,71,71,71,71,71,71,0,0
71,71,71,71,3,71,71,71,71,71,2,71,71,0,0
71,71,71,71,46,0,38,12,1,2,71,71,11,0,0
30,8,4,6,71,71,71,71,71,71,32,71,60,0,0
14,71,71,0,71,0,61,14,31,71,71,71,1,0,0
31,71,32,0,3,0,13,71,71,71,71,71,71,0,0
71,71,71,71,14,0,71,71,62,71,71,71,3,0,0
22,71,71,71,7,0,33,4,71,43,2,71,71,0,0
71,3,71,6,71,68,38,71,71,71,71,30,71,0,0
34,71,71,1,71,66,71,22,71,71,33,6,4,0,0
31,71,31,0,3,71,61,71,54,71,71,31,38,0,0
71,71,71,8,71,71,10,71,71,71,71,71,71,0,0
71,38,7,0,10,66,71,71,71,71,71,71,71,0,0
71,71,71,71,0,71,27,71,71,46,71,71,1,0,0
71,0,30,14,46,71,60,5,0,71,70,60,71,0,0
3,0,6,3,71,36,71,71,71,14,5,71,71,0,0
71,60,31,0,30,0,71,71,2,71,71,71,71,0,0
71,71,71,71,71,30,23,66,71,3,71,9,71,0,0
71,71,71,6,3,71,71,71,16,43,71,60,0,0,0
71,12,71,8,71,71,38,35,71,71,4,71,66,0,0
71,71,0,0,11,71,71,71,71,71,48,71,71,0,0
71,71,61,71,14,71,5,71,71,71,71,5,71,0,0
6,38,71,67,31,14,60,71,71,2,10,44,33,0,0
71,3,33,71,71,31,63,71,71,71,71,32,71,0,0
71,6,71,71,71,51,71,68,9,5,30,71,71,0,0
0,3,56,38,71,71,9,12,71,67,71,68,9,0,0
71,0,71,71,71,71,71,71,3,59,71,71,51,0,0
33,64,71,6,9,30,12,1,71,71,71,71,71,0,0
71,71,71,0,71,52,71,71,16,71,1,71,51,0,0
71,71,2,0,33,71,71,30,71,71,0,71,71,0,0
71,71,66,71,71,71,10,71,71,71,71,71,71,0,0
71,71,51,38,4,71,71,71,2,71,16,4,63,0,0
28,7,71,71,11,71,48,71,71,71,71,60,71,0,0
71,71,71,6,71,12,71,0,22,71,71,61,71,0,0
40,71,71,1,71,71,6,71,71,71,71,71,33,0,0
0,71,71,0,17,71,71,22,71,71,71,10,71,0,0
71,71,33,0,46,68,71,71,71,46,30,60,71,0,0
3,71,71,0,71,71,11,6,1,71,71,13,30,0,0
71,71,36,71,6,13,71,71,0,14,71,71,6,0,0
42,30,5,71,71,71,71,71,71,71,71,6,31,0,0
0,6,15,2,3,8,71,71,71,3,3,60,7,0,0
38,71,0,38,71,71,71,11,2,71,71,10,71,0,0
71,69,71,71,3,64,71,71,67,43,16,71,46,0,0
0,71,71,22,46,71,71,71,58,71,71,2,0,0,0
0,71,0,3,71,33,71,5,30,30,71,71,71,0,0
60,10,71,0,14,71,15,71,71,6,2,71,6,0,0
71,0,71,3,71,71,71,71,71,31,71,31,71,0,0
71,71,71,71,3,0,71,2,71,71,22,71,4,0,0
12,71,71,67,71,71,71,71,71,9,71,71,70,0,0
71,71,71,71,71,71,71,5,71,0,71,71,70,0,0
71,71,9,71,0,46,71,71,0,71,71,71,71,0,0
38,71,46,67,71,71,71,71,71,71,6,46,6,0,0
3,7,71,43,71,6,71,8,71,71,71,71,71,0,0
6,31,6,71,46,53,71,71,71,71,71,71,25,0,0
3,71,71,38,71,71,1,71,71,31,1,3,71,0,0
0,71,34,71,71,4,60,71,4,71,71,71,33,0,0
64,71,71,6,3,0,10,71,71,71,14,71,4,0,0
71,71,71,0,5,71,71,71,62,71,71,71,65,0,0
71,71,71,0,15,13,71,30,71,71,0,46,46,0,0
71,6,15,71,0,46,71,43,71,71,71,1,71,0,0
71,71,71,38,71,71,71,71,71,71,16,6,52,0,0
7,71,4,71,71,14,71,71,2,2,71,71,71,0,0
71,71,71,6,71,52,36,71,71,71,32,3,71,0,0
71,33,71,1,71,71,71,38,16,34,10,46,55,0,0
71,38,71,0,71,71,46,71,71,36,71,71,71,0,0
30,71,12,8,71,1,71,4,71,71,71,6,71,0,0
14,71,71,0,71,71,71,46,71,60,0,71,4,0,0
31,71,71,38,71,71,3,59,71,71,71,3,60,0,0
71,71,11,71,46,8,60,6,71,71,16,0,71,0,0
71,71,71,3,3,6,71,71,9,12,71,0,71,0,0
34,38,46,0,6,49,71,71,71,60,19,46,6,0,0
31,71,71,38,71,5,71,71,57,71,71,71,60,0,0
10,0,71,71,3,46,60,7,3,71,16,71,47,0,0
71,0,34,6,46,71,71,71,71,19,71,3,71,0,0
71,60,71,8,71,32,71,38,71,46,71,46,2,0,0
71,71,71,0,71,71,15,23,71,71,71,59,71,0,0
38,71,71,71,34,58,60,4,71,14,71,6,1,0,0
71,12,0,67,46,6,69,71,71,71,62,71,71,0,0
14,71,62,71,71,44,71,71,9,23,71,2,71,0,0
1,71,71,71,6,1,11,13,71,1,71,71,31,0,0
0,38,33,38,71,71,60,46,54,71,1,35,0,0,0
0,3,71,3,34,3,65,59,71,11,71,46,71,0,0
71,30,31,6,0,71,71,6,71,46,3,71,52,0,0
38,3,71,3,0,44,7,71,71,71,71,6,71,0,0
71,0,46,0,71,1,60,71,14,14,71,71,30,0,0
6,67,71,38,4,71,71,71,71,71,71,23,6,0,0
1,71,30,71,0,71,71,71,71,23,71,2,31,0,0
0,71,71,46,46,71,3,5,1,1,14,71,7,0,0
8,71,34,3,71,71,71,71,71,71,71,24,71,0,0
0,71,46,0,30,31,71,14,71,8,16,6,71,0,0
38,71,71,1,71,71,11,23,4,0,71,71,71,0,0
71,71,30,38,3,30,71,4,71,71,71,46,71,0,0
6,61,71,71,46,14,71,32,6,5,2,71,60,0,0
8,71,34,6,71,31,1,31,71,71,71,54,65,0,0
0,71,46,0,30,71,60,71,71,71,16,71,71,0,0
71,7,71,0,71,6,10,71,71,2,71,23,13,0,0
71,71,30,71,2,16,71,71,71,71,71,71,71,0,0
38,71,71,71,43,71,15,71,71,71,71,71,60,0,0
71,71,34,71,71,71,60,43,71,71,71,43,71,0,0
6,50,71,64,46,0,13,71,8,71,0,71,71,0,0
10,71,71,43,59,71,71,71,71,71,71,71,8,0,0
0,30,71,71,30,6,11,71,11,71,17,38,71,0,0
68,14,71,71,71,13,60,7,6,2,71,71,71,0,0
68,31,71,71,34,71,47,71,43,71,71,3,1,0,0
38,71,71,71,71,2,71,71,71,16,1,0,58,0,0
71,30,34,71,22,71,7,60,71,71,71,46,71,0,0
6,71,71,38,46,6,71,71,71,17,71,71,2,0,0
12,34,3,71,41,14,40,71,0,4,60,38,71,0,0
0,31,71,6,6,71,11,3,71,71,13,71,1,0,0
69,71,71,0,71,0,71,67,71,37,71,23,71,0,0
71,3,71,0,2,0,71,71,71,71,7,71,71,0,0
38,71,33,71,46,71,71,64,71,11,60,71,71,0,0
71,71,71,38,71,6,2,60,9,71,10,7,71,0,0
6,33,71,71,6,53,71,71,71,37,71,71,71,0,0
14,71,46,6,71,71,65,71,14,71,3,71,71,0,0
0,71,71,1,2,0,46,14,71,71,71,71,71,0,0
32,30,6,0,71,0,71,11,3,58,71,71,0,0,0
32,14,71,8,6,31,62,71,43,71,1,71,71,0,0
71,31,34,0,0,71,71,71,71,71,71,71,71,0,0
71,71,1,38,46,30,3,56,71,71,71,14,71,0,0
38,71,71,71,71,14,71,71,71,71,71,31,14,0,0
71,34,71,3,30,31,71,71,71,71,60,71,7,0,0
6,31,71,0,71,60,71,71,71,71,0,71,71,0,0
1,10,71,38,3,13,46,38,71,71,71,2,71,0,0
0,71,6,71,46,71,71,71,71,71,71,71,71,0,0
0,71,46,6,71,33,62,68,71,71,71,71,57,0,0
0,3,71,8,71,60,71,71,71,71,71,71,71,0,0
71,71,6,0,34,10,3,48,71,3,71,46,71,0,0
32,71,71,71,46,71,68,71,16,71,71,71,71,0,0
32,71,34,67,71,61,71,46,3,71,71,30,71,0,0
38,71,0,71,71,60,52,60,71,71,1,71,14,0,0
71,71,71,71,34,32,46,49,71,71,71,34,31,0,0
8,0,71,38,46,71,71,71,71,71,71,46,71,0,0
0,71,38,71,59,16,62,42,71,71,71,3,31,0,0
38,32,71,6,6,60,71,71,71,71,71,30,0,0,0
71,0,28,0,71,47,3,54,71,30,60,71,38,0,0
10,6,10,0,34,71,71,7,71,14,10,34,71,0,0
0,14,71,71,71,3,71,60,1,31,71,71,20,0,0
38,7,71,38,66,71,44,10,71,71,9,7,10,0,0
71,38,3,71,0,71,46,71,71,71,71,46,71,0,0
12,71,70,6,71,48,71,35,71,71,41,71,71,0,0
0,6,71,1,71,71,62,60,71,31,0,54,7,0,0
38,71,71,0,46,57,71,47,71,71,71,71,71,0,0
71,34,46,0,71,0,3,71,39,71,4,34,2,0,0
14,0,71,0,54,71,71,71,71,71,60,46,71,0,0
0,7,30,71,71,30,71,71,3,71,10,71,33,0,0
71,71,71,38,34,53,36,43,71,71,71,71,70,0,0
71,3,34,71,46,71,46,7,71,71,71,34,71,0,0
71,0,38,22,71,71,71,36,71,71,71,71,71,0,0
71,71,71,3,62,7,62,71,71,71,43,71,71,0,0
71,71,28,0,71,71,71,58,71,71,71,3,71,0,0
50,71,71,31,2,71,3,6,71,71,71,46,71,0,0
71,50,46,71,71,71,71,22,30,3,29,71,12,0,0
71,71,71,51,6,71,71,34,71,71,0,30,0,0,0
71,30,71,71,71,4,28,71,71,62,71,71,46,0,0
71,14,34,46,66,71,46,7,71,71,26,34,71,0,0
59,31,71,71,0,71,71,71,14,71,60,46,62,0,0
71,71,71,6,71,71,62,14,71,71,48,71,71,0,0
71,30,71,71,71,30,71,71,3,16,71,6,3,0,0
71,71,46,34,0,71,3,71,43,71,22,71,1,0,0
51,34,1,38,46,6,49,1,71,71,60,34,71,0,0
71,31,6,71,71,53,71,71,30,2,57,71,3,0,0
59,71,71,6,71,71,3,71,71,71,71,44,71,0,0
71,3,34,71,3,8,71,58,30,71,18,48,71,0,0
71,71,46,0,10,0,71,6,71,71,71,71,71,0,0
27,71,71,71,71,71,0,34,23,71,71,6,71,0,0
71,33,6,71,71,3,71,34,43,3,10,60,71,0,0
71,71,71,71,63,71,36,71,71,71,0,9,9,0,0
71,71,34,71,71,71,1,71,71,5,71,71,71,0,0
71,6,0,38,68,19,71,71,71,71,71,2,33,0,0
1,71,0,57,10,71,71,14,61,16,71,71,71,0,0
65,71,46,62,50,53,71,71,1,71,71,71,71,7,0
38,0,71,1,71,71,2,71,71,71,71,71,28,0,0
71,71,71,0,71,37,1,2,71,4,71,71,0,5,0
0,30,34,71,71,3,71,71,60,48,71,71,71,0,0
0,71,46,7,71,0,71,71,71,71,44,51,7,24,0
60,71,57,71,71,71,10,71,71,38,48,71,71,0,2
71,71,6,34,38,14,71,71,71,71,71,71,24,0,0
71,28,71,0,71,71,71,6,71,71,3,71,71,0,9
12,0,34,71,71,71,71,71,71,58,71,71,71,0,0
71,71,71,31,32,6,71,71,34,30,71,71,20,0,0
71,3,3,71,71,50,71,71,71,71,71,71,0,1,0
38,71,71,71,71,71,0,71,30,71,71,71,71,0,0
3,68,71,71,2,0,71,71,14,71,71,71,71,0,0
6,0,20,27,71,0,19,6,31,16,71,71,71,0,2
3,38,71,0,71,71,1,71,71,71,1,10,51,71,2
0,71,71,71,71,71,71,71,71,71,71,0,71,0,1
64,0,46,24,26,71,71,1,1,71,5,71,71,0,0
71,0,71,38,71,0,71,71,31,71,38,71,68,0,2
71,60,71,57,36,31,71,8,71,71,71,71,71,0,71
71,71,34,62,71,71,0,71,71,71,71,2,33,0,0
71,71,46,1,71,71,71,71,71,4,71,71,71,0,71
71,12,71,0,71,6,71,71,71,71,71,71,71,0,2
71,71,62,71,71,71,10,71,71,71,71,71,71,0,71
71,71,71,71,71,3,71,3,15,58,0,0,71,0,2
71,38,23,38,38,71,71,71,11,71,0,71,71,0,0
71,3,0,71,0,14,71,71,71,71,71,59,71,0,9
71,6,71,14,69,71,71,1,71,3,71,71,62,0,0
71,3,15,3,32,3,5,43,20,71,6,71,71,0,2
71,0,46,0,46,71,1,71,71,71,71,71,33,0,0
71,64,59,65,71,71,71,71,71,8,71,71,71,0,0
71,71,6,1,30,71,71,29,71,71,4,71,71,0,0
71,71,71,14,71,71,71,71,30,0,71,47,71,0,0
57,71,34,3,3,71,71,71,6,3,3,60,61,0,0
51,71,71,0,46,71,0,29,31,71,71,32,71,0,0
71,7,8,38,71,71,60,4,71,71,71,71,71,0,0
51,71,46,71,46,36,47,71,71,71,0,33,33,0,0
71,71,71,13,71,71,71,64,1,1,71,60,71,0,0
71,71,62,71,2,60,71,71,31,71,6,44,71,0,0
30,38,71,13,38,65,71,6,71,71,71,71,3,0,2
71,71,34,71,71,71,71,21,71,71,71,29,71,0,1
71,62,0,71,71,71,71,71,23,71,2,60,71,0,1
39,1,71,71,0,60,10,0,71,62,71,9,71,0,0
71,0,6,71,38,71,71,71,5,71,71,71,32,0,2
71,8,71,62,71,71,71,23,71,71,71,25,68,0,71
71,71,71,0,71,71,60,2,71,71,71,46,71,0,0
71,34,71,0,25,6,32,71,4,9,71,58,71,0,71
14,38,71,71,71,14,71,71,71,71,23,6,32,0,9
38,71,71,71,71,7,71,71,71,1,71,71,71,0,71
59,8,71,11,17,71,71,7,71,0,6,2,71,0,7
14,0,71,71,38,14,71,0,71,71,71,71,71,0,0
3,61,71,71,71,71,71,71,4,16,71,18,71,0,15
0,71,71,3,71,71,71,71,71,71,1,60,71,0,0
71,71,30,6,25,71,0,6,71,71,71,47,71,0,2
7,71,46,3,71,0,60,71,4,71,7,71,71,0,0
71,25,71,0,71,71,32,71,71,2,71,71,32,0,0
71,38,71,64,71,71,71,15,8,71,71,71,54,0,0
38,71,34,71,68,71,71,71,36,16,71,12,32,0,0
71,10,46,71,0,71,60,71,71,71,3,60,40,0,0
14,0,71,71,71,71,9,71,60,46,71,10,67,0,0
3,61,30,71,3,7,71,71,71,9,71,71,41,0,0
0,68,71,71,71,71,71,71,71,71,0,8,67,0,0
38,68,34,71,67,54,60,10,71,16,71,60,71,0,0
71,71,71,71,0,71,61,71,71,71,71,13,71,0,0
0,16,71,71,71,1,71,71,71,71,36,71,71,0,2
0,38,71,71,71,0,71,71,71,71,71,4,71,0,2
60,71,64,71,0,71,60,8,71,2,36,10,71,0,1
71,12,43,71,46,71,13,71,71,71,71,71,71,0,0
71,0,71,71,71,71,71,17,71,16,71,71,71,71,2
12,61,71,18,71,30,42,71,7,71,71,71,71,71,71
71,69,71,71,34,53,60,71,0,32,71,46,32,70,0
71,71,71,6,38,71,10,6,71,9,71,71,49,71,71
38,71,3,71,71,11,71,71,21,71,43,6,57,71,5
3,7,0,71,70,71,38,71,71,16,71,71,56,61,71
6,38,46,71,25,71,46,15,71,71,71,3,49,0,3
3,71,71,71,46,71,71,71,46,71,41,46,45,71,0
0,14,62,43,71,71,71,71,71,71,71,71,49,69,9
64,0,71,71,71,71,3,71,71,2,71,14,57,71,0
71,61,34,71,34,0,46,71,5,71,29,71,57,71,2
71,32,0,71,38,71,71,15,71,16,10,3,51,0,0
71,32,71,71,71,32,6,71,71,6,71,71,32,67,0
71,71,7,71,70,71,71,4,71,38,71,71,71,71,0
71,71,46,1,27,71,3,71,6,71,37,11,71,71,0
71,38,71,71,46,71,1,71,71,5,71,71,71,71,0
71,71,30,71,71,71,71,10,71,71,58,71,71,71,0
71,6,71,38,46,29,71,71,0,60,1,71,71,71,0
11,1,34,71,71,60,0,58,46,9,71,46,71,0,0
71,0,71,6,34,58,60,71,71,71,5,71,71,1,0
71,0,12,0,46,71,32,71,54,2,71,6,71,71,0
1,0,46,0,71,25,71,3,71,71,71,71,71,71,2
71,71,71,71,6,71,21,71,71,32,1,2,32,5,1
71,32,30,38,71,71,60,71,11,60,71,0,67,66,1
71,32,71,71,34,71,9,8,71,32,71,51,71,71,0
71,38,3,6,33,71,71,71,71,71,71,71,71,69,2
71,71,46,1,71,46,17,22,5,21,71,71,71,65,71
50,8,71,0,71,71,60,71,14,60,71,71,32,71,0
71,0,6,8,71,6,13,71,7,36,71,71,71,67,64
71,38,71,0,38,71,71,71,71,71,0,71,71,7,11
71,71,3,38,71,2,13,71,34,17,71,71,71,66,71
30,10,0,71,70,32,60,71,71,71,2,71,71,71,9
14,0,0,3,25,71,10,71,38,9,71,51,71,70,0
31,38,31,0,71,71,71,0,71,71,5,71,71,70,18
71,71,71,38,71,13,16,71,4,16,71,51,71,69,0
71,12,71,71,38,46,46,6,71,71,71,71,71,71,2
71,0,71,6,71,71,71,71,71,71,71,71,32,71,0
34,38,71,8,70,6,71,71,5,71,71,0,71,66,0
31,71,46,0,24,71,3,1,71,71,33,2,71,7,0
10,14,71,71,71,2,46,71,6,71,71,71,71,67,0
71,0,6,67,71,0,71,6,71,71,71,71,71,71,0
71,71,71,71,55,71,6,71,5,6,71,1,71,71,0
71,71,34,71,67,71,71,71,70,71,61,71,71,71,0
71,30,0,38,67,6,3,0,71,2,71,71,71,69,0
71,6,0,71,38,0,71,0,71,71,71,6,71,71,0
6,71,46,6,71,71,71,71,71,16,71,71,32,71,0
71,71,71,0,71,71,0,6,71,71,71,14,45,71,2
71,71,54,0,0,51,60,71,5,71,2,7,32,7,2
71,33,71,71,71,71,10,71,10,7,71,71,71,67,1
71,38,34,38,71,71,71,71,7,71,32,71,71,71,0
38,71,46,71,71,71,71,71,43,71,71,71,71,71,2
71,71,71,6,33,71,71,38,71,2,33,71,71,71,71
14,0,6,1,38,14,71,71,46,71,38,8,71,71,0
3,61,71,0,71,53,71,71,71,16,71,0,71,71,71
0,71,34,0,70,71,38,71,62,71,10,71,71,71,22
71,71,71,0,2,71,71,71,71,71,71,71,71,71,71
71,71,49,71,6,51,5,71,23,71,71,71,32,6,9
32,3,0,38,46,71,0,6,43,71,2,7,71,68,0
59,71,38,71,71,71,71,43,71,71,71,71,71,69,36
71,71,71,22,62,8,71,71,71,71,32,61,32,71,0
71,1,60,3,71,0,71,71,71,71,60,71,71,71,2
69,71,71,0,2,71,71,71,71,30,32,71,71,67,0
38,7,71,46,38,5,38,6,71,71,71,18,71,69,0
71,31,71,71,59,71,71,71,71,71,16,71,71,68,0
22,71,34,6,69,52,5,46,71,71,71,60,71,10,0
0,71,38,71,16,71,0,36,71,71,6,1,71,68,0
0,71,71,34,7,71,71,71,31,71,38,71,71,69,0
38,2,71,71,71,40,71,60,6,55,71,53,71,71,0
71,71,2,71,69,71,71,71,71,1,60,70,71,71,0
14,71,71,0,0,71,26,71,71,71,32,71,32,67,0
3,33,69,38,71,71,38,40,70,68,71,20,65,69,55
0,10,71,71,71,0,71,60,38,1,8,71,71,71,71
38,71,26,13,30,71,69,71,71,71,71,71,71,71,71
71,71,38,71,46,5,71,71,6,62,71,2,32,71,71
30,8,71,36,71,71,0,71,0,71,71,71,71,71,71
3,71,68,0,6,13,60,60,0,71,2,0,71,71,71
0,3,4,38,71,71,10,69,0,71,71,24,71,3,71
38,71,71,71,34,71,71,71,71,71,33,71,71,68,71
71,71,71,5,38,29,71,71,38,71,71,42,71,71,71
6,1,19,51,71,11,71,60,0,71,71,1,71,71,71
0,0,71,71,70,71,15,65,7,44,71,71,32,71,71
0,71,17,38,19,71,71,71,71,71,71,39,71,8,71
71,33,71,71,38,25,71,30,62,33,71,71,71,68,71
3,71,71,61,71,71,0,60,71,71,71,12,71,71,71
71,46,5,71,71,71,71,71,71,71,18,71,71,71,71
64,71,71,71,21,16,71,71,0,71,4,71,71,71,71
71,62,31,12,31,0,71,71,71,71,71,71,71,71,71
71,71,0,71,71,71,71,60,21,71,0,1,71,65,71
71,34,71,71,71,5,0,71,6,42,71,71,71,71,71
71,0,14,38,71,71,71,71,71,6,22,31,32,71,71
43,71,46,3,71,16,71,15,64,71,10,70,71,71,8
71,58,71,6,71,71,10,60,0,71,71,70,71,4,70
71,46,71,3,71,71,71,48,71,71,71,71,71,70,71
38,71,34,0,14,14,71,71,71,13,15,71,0,67,71
71,62,71,64,31,71,71,71,71,71,71,71,67,66,71
22,71,10,71,71,71,8,71,71,14,71,59,71,71,68
0,34,0,71,71,32,71,71,71,71,63,68,71,71,71
0,1,71,71,71,0,71,7,38,71,71,2,0,5,67
38,71,71,71,46,71,0,71,71,2,71,71,65,70,71
71,21,71,38,71,5,71,71,71,71,71,10,71,71,0
6,71,71,71,62,71,71,71,0,6,71,71,71,71,13
1,71,71,46,71,50,71,71,71,71,71,71,0,69,10
0,4,71,3,2,71,71,64,71,71,71,0,71,71,71
0,71,71,0,38,71,0,7,71,0,14,71,71,70,71
0,71,71,1,71,3,71,71,38,71,71,21,71,7,71
38,71,71,38,71,71,60,71,71,71,71,59,0,71,71
71,71,71,71,34,48,34,71,71,0,4,71,71,71,71
3,71,38,6,38,71,71,71,0,71,71,4,67,67,71
0,71,71,0,71,71,62,71,7,71,33,71,71,71,71
71,71,4,0,71,71,60,71,71,71,36,19,71,71,71
32,71,71,71,36,6,32,71,14,71,71,3,70,68,71
32,0,71,71,46,14,71,71,71,62,58,52,71,69,71
38,71,19,71,71,7,71,71,3,71,6,70,71,71,71
71,71,71,71,54,51,46,71,71,71,71,70,46,7,71
8,12,3,71,71,71,71,54,14,71,71,71,71,71,32
0,71,70,46,34,71,62,71,71,3,71,71,71,71,71
38,71,71,71,38,30,71,71,3,71,25,71,71,71,71
71,71,71,62,71,13,3,71,71,16,58,71,0,71,71
10,31,71,71,71,71,71,62,71,71,6,71,65,65,71
0,71,51,34,34,71,71,71,71,71,71,71,58,71,71
38,13,71,0,38,71,21,71,30,71,71,71,71,71,71
71,71,51,71,71,0,60,0,6,8,71,71,67,71,71
12,65,71,36,71,71,10,71,6,71,19,71,71,11,32
0,0,38,6,36,6,71,26,71,2,71,71,71,71,71
38,71,71,71,71,71,23,71,6,71,62,71,71,71,71
71,8,28,46,12,6,60,71,71,16,71,71,71,71,32
14,71,71,71,71,16,13,5,23,71,23,71,71,71,67
0,71,71,30,71,71,71,71,31,71,0,71,71,65,71
71,4,13,71,2,40,71,71,43,71,71,4,46,71,71
71,71,71,34,71,0,38,71,71,71,71,46,71,71,70
1,71,57,46,71,71,71,14,71,60,60,71,71,71,71
71,0,71,43,71,71,69,6,10,6,27,22,71,71,71
7,71,71,30,46,71,71,71,71,71,71,71,0,71,46
71,16,10,71,71,71,32,71,71,71,71,71,0,71,71
71,46,71,34,14,71,71,71,71,71,71,71,0,71,71
71,71,52,46,71,71,46,71,71,71,14,71,0,9,71
71,71,71,71,34,71,71,71,60,10,71,10,0,71,13
71,34,71,6,46,19,6,36,13,71,71,71,0,65,10
6,46,71,71,71,71,71,6,71,71,2,71,0,71,36
71,71,71,34,22,71,62,71,71,71,71,12,0,71,13
71,22,71,71,71,31,71,71,71,71,71,71,0,68,10
71,71,19,0,2,0,71,71,60,4,71,0,0,71,66
71,34,71,71,43,71,60,71,10,48,71,2,0,71,71
71,46,71,71,71,71,10,2,71,71,71,71,0,71,71
71,3,19,33,71,71,71,71,71,14,71,71,0,69,32
43,22,71,71,0,7,16,71,71,71,71,0,0,71,71
71,71,42,71,71,71,71,71,65,16,58,71,0,7,71
71,34,0,71,71,6,71,30,60,71,6,71,0,71,71
71,71,71,71,2,53,46,71,61,71,71,71,0,71,71
64,15,38,71,0,71,71,71,71,4,71,12,0,66,71
71,46,71,38,46,32,62,71,71,48,71,70,0,71,71
71,71,4,71,71,0,71,53,71,71,3,70,0,69,71
36,6,0,6,30,71,62,71,0,14,71,71,0,71,32
71,71,71,1,71,6,1,71,71,71,71,71,0,71,71
71,34,71,0,3,71,71,9,36,16,71,71,0,71,71
71,0,71,8,51,50,6,71,43,71,71,71,0,9,32
71,46,71,0,71,71,38,48,71,71,71,68,0,71,71
71,71,71,71,11,71,71,71,71,2,48,2,0,69,71
71,71,71,7,71,32,69,71,43,71,71,71,0,71,71
71,3,10,71,71,71,71,71,71,16,71,71,0,71,71
11,46,71,30,71,71,32,66,38,71,71,0,0,67,71
71,71,70,6,17,6,71,3,56,71,71,71,0,71,71
71,22,71,46,71,53,46,71,5,6,71,71,0,71,71
25,71,71,71,71,71,71,6,71,71,71,71,0,71,71
59,2,5,62,0,64,6,71,37,71,30,71,0,71,71
71,71,15,71,0,0,71,71,71,71,14,4,0,71,71
71,71,0,34,71,71,62,0,71,33,31,71,0,11,32
7,0,71,0,47,6,0,7,71,71,71,71,0,71,45
71,46,71,71,11,71,71,71,71,31,71,6,0,69,32
71,71,0,33,71,48,33,35,71,71,21,71,0,71,36
71,71,71,46,71,71,71,66,71,62,71,0,0,71,13
30,34,71,71,71,71,46,71,71,71,71,66,0,68,10
71,46,71,6,71,34,71,71,71,71,30,71,0,69,71
71,71,71,71,71,71,62,71,71,71,71,71,0,70,71
14,22,71,34,0,71,71,71,39,71,2,33,0,65,71
71,71,12,38,71,6,3,71,38,71,71,71,0,71,71
71,34,71,71,71,21,0,71,71,71,71,71,0,71,71
71,46,4,30,71,71,71,3,61,44,71,71,0,71,71
71,71,0,36,71,2,8,71,61,71,71,0,0,65,32
9,6,71,0,71,71,46,71,71,33,71,2,0,8,71
71,71,71,38,71,71,71,71,33,71,25,71,0,71,71
71,34,71,71,71,71,6,71,71,71,71,20,0,69,71
71,0,71,62,17,62,71,71,71,42,71,0,0,71,71
71,0,71,71,71,29,3,71,71,71,71,71,0,71,32
4,46,71,0,71,71,0,71,71,71,71,63,0,71,71
71,71,71,71,47,71,71,1,71,71,71,71,71,71,71
71,71,71,43,5,62,71,71,71,71,3,71,67,69,71
71,34,71,71,2,34,46,71,71,2,71,33,71,71,32
9,71,71,71,0,71,71,71,71,71,7,71,71,69,71
71,46,71,13,46,2,6,71,71,1,12,71,71,10,71
71,71,71,59,71,71,71,71,71,10,71,59,71,71,71
71,71,71,71,71,61,3,5,46,71,33,71,71,71,71
71,34,48,71,34,71,71,71,71,71,10,71,71,71,71
71,46,71,4,46,36,71,11,14,71,71,71,0,71,32
71,3,23,71,71,71,71,71,71,0,71,71,0,71,71
16,6,71,71,6,71,4,71,23,54,4,71,1,71,71
51,71,71,71,71,71,38,5,43,71,71,4,64,71,32
71,34,57,71,34,62,71,71,71,71,7,71,12,65,71
71,46,71,71,0,32,71,6,71,71,71,71,67,67,71
71,43,4,6,46,71,71,71,38,71,33,6,58,71,71
71,6,71,0,71,18,71,71,71,71,71,71,71,71,71
71,71,71,0,6,71,46,71,71,71,71,0,68,7,32
71,34,48,71,71,9,71,71,71,71,71,66,71,71,36
11,11,71,7,34,71,62,1,71,71,71,71,71,71,13
71,71,71,31,0,62,71,71,13,71,71,71,71,71,10
71,71,71,71,0,16,3,71,71,6,3,33,67,71,66
5,2,65,71,46,71,46,71,31,71,31,71,71,71,71
71,71,71,68,71,71,71,5,71,71,71,71,71,67,71
71,71,9,66,6,71,62,71,71,60,71,71,71,71,32
71,71,71,71,71,2,71,71,10,71,71,71,65,71,71
71,46,71,71,34,71,3,71,71,71,71,8,71,3,71
71,59,70,71,1,36,51,10,26,14,71,2,68,71,32
7,6,71,65,14,71,71,71,71,71,71,71,46,69,71
71,71,4,67,31,62,46,71,9,71,6,12,67,71,71
71,34,71,69,46,16,71,5,71,32,71,71,71,48,71
71,71,71,46,71,71,54,43,71,10,71,71,71,3,71
71,30,55,66,6,40,71,71,71,71,4,0,0,71,71
6,71,71,71,71,71,3,71,71,30,71,2,0,69,71
71,71,71,71,3,34,71,71,71,71,67,71,0,71,71
14,71,71,0,71,71,71,0,71,71,71,71,0,71,32
71,6,71,46,59,62,71,43,71,71,6,10,0,5,36
71,1,16,71,46,32,71,71,71,71,71,71,0,71,67
30,0,0,6,71,71,0,71,71,0,71,63,0,71,71
71,8,71,71,14,8,71,22,71,71,1,71,0,69,71
71,0,13,34,71,71,71,71,60,16,71,71,0,71,71
71,71,71,0,3,27,46,71,13,71,60,33,0,71,71
28,6,63,46,71,71,71,71,71,71,71,71,0,71,71
0,8,0,71,71,71,62,62,7,10,14,71,0,6,71
71,0,71,6,14,71,71,71,60,71,71,59,0,71,32
3,71,5,71,71,23,3,71,10,71,71,71,0,71,71
71,68,71,34,71,71,0,11,71,71,1,71,0,65,71
71,31,71,0,71,62,71,71,3,71,71,71,0,67,71
71,64,0,0,46,13,48,71,71,33,14,71,0,71,71
38,46,71,14,71,71,46,28,71,71,71,68,0,71,71
71,71,71,31,71,0,71,67,71,71,71,2,0,71,71
0,71,71,71,34,71,62,71,42,60,2,71,0,8,71
0,34,21,71,46,11,71,3,71,71,1,8,0,71,71
60,46,1,59,3,71,3,71,71,71,71,2,0,71,71
71,71,71,46,6,71,1,71,38,16,68,71,0,71,71
71,71,71,71,71,71,71,71,71,71,32,12,0,71,71
12,34,68,54,34,62,40,71,5,71,71,65,0,67,0
71,46,71,71,46,32,38,71,46,1,17,65,0,71,13
71,71,71,3,71,71,71,71,71,71,71,71,0,69,10
38,30,45,46,71,8,4,71,62,71,10,71,0,71,71
3,71,71,71,34,71,46,0,71,71,71,71,0,49,71
6,34,71,14,46,2,56,30,23,14,71,5,0,0,71
3,71,71,71,71,71,6,6,7,71,39,71,0,0,71
0,71,33,3,6,71,71,31,31,71,71,71,0,2,71
64,71,46,46,71,71,3,71,71,71,30,71,0,0,71
71,71,71,71,34,6,71,42,71,71,18,54,0,0,71
71,71,6,54,0,21,30,3,71,71,71,0,0,71,32
71,0,71,71,0,71,46,31,71,71,71,60,0,0,71
71,71,34,34,46,1,71,71,71,71,0,1,0,0,71
7,71,71,46,71,71,62,71,3,71,71,71,0,0,71
71,33,16,71,6,30,71,9,71,18,71,18,0,0,71
71,11,67,14,71,29,3,67,71,60,71,38,0,0,71
71,71,71,71,34,71,2,58,36,71,71,71,0,0,71
38,71,47,34,71,71,71,30,71,71,3,71,0,0,71
71,22,46,71,71,16,11,71,60,24,71,24,0,0,32
1,71,71,71,62,71,38,71,71,58,71,38,0,0,71
0,46,30,16,51,71,71,71,71,30,71,71,0,0,71
61,57,71,14,71,38,68,71,71,71,71,71,0,0,71
8,30,34,7,71,34,1,71,60,71,23,26,71,0,71
0,71,46,71,18,71,46,1,71,71,71,71,67,0,32
71,34,71,71,0,71,56,71,71,16,30,71,71,0,71
34,71,6,71,71,38,6,30,71,71,18,46,71,0,71
38,14,71,71,71,32,71,71,71,6,71,71,71,0,32
71,67,34,64,71,71,3,71,58,71,71,71,65,0,71
8,71,46,0,71,71,71,71,38,71,71,71,71,0,71
0,0,71,71,5,27,11,62,71,71,19,71,68,0,71
61,71,62,30,2,71,71,71,68,71,71,68,46,0,71
70,71,71,46,0,71,71,71,71,71,65,4,67,0,32
71,33,34,71,71,71,38,0,48,67,71,71,71,0,71
71,71,0,6,71,46,71,71,71,71,71,71,71,0,71
25,6,71,71,71,71,4,10,71,71,71,71,0,0,71
38,71,11,34,17,14,70,71,29,71,71,60,2,0,71
71,71,71,1,71,71,71,6,71,71,39,1,47,0,13
10,71,60,71,71,3,60,71,71,71,71,71,71,0,10
0,71,1,71,71,71,10,71,71,71,71,9,0,0,36
61,71,71,71,71,39,71,1,0,71,71,71,71,0,13
71,71,8,46,71,51,71,71,71,0,71,38,71,0,10
71,51,46,71,47,71,71,3,37,71,71,71,71,0,69
71,71,71,71,71,71,71,71,71,71,71,69,68,0,71
16,46,6,34,71,71,6,71,34,71,71,26,71,0,71
38,71,71,46,71,51,71,0,71,6,71,38,71,0,71
71,71,34,3,71,71,71,71,71,71,71,71,71,0,71
12,34,71,6,33,46,2,15,71,71,71,69,67,0,32
0,46,71,71,71,71,71,71,0,1,71,24,71,0,71
61,71,71,34,71,6,33,16,71,71,62,71,71,0,71
69,71,71,71,71,71,30,71,29,71,71,71,71,0,32
71,34,71,7,17,3,43,0,71,60,71,71,65,0,67
71,46,71,46,71,0,71,71,71,66,1,3,71,0,71
7,71,71,57,71,71,71,16,71,71,71,52,68,0,71
38,71,16,6,0,16,71,6,71,11,71,70,46,0,71
71,34,71,71,0,2,71,71,0,71,71,70,67,0,71
14,71,71,34,71,71,1,64,71,54,6,71,71,0,71
0,71,71,71,47,13,71,0,71,71,71,71,71,0,71
61,6,46,6,11,71,22,71,71,71,71,71,0,0,32
32,71,71,71,71,71,71,71,71,1,2,0,11,0,71
32,30,30,66,71,1,21,38,20,71,71,71,65,0,71
71,71,71,0,58,60,71,71,71,71,71,3,58,0,71
71,71,34,71,71,10,2,71,71,0,71,71,71,0,71
38,71,11,71,71,71,71,0,71,71,14,71,71,0,71
71,38,71,1,44,6,22,71,71,71,71,71,71,0,71
6,71,71,46,65,60,71,71,71,71,71,71,68,0,71
1,6,15,71,71,32,3,71,71,60,2,60,71,0,13
0,0,71,22,71,71,71,38,71,63,71,7,71,0,10
8,0,16,71,46,71,13,71,71,71,71,71,32,0,36
0,68,46,34,71,71,71,71,23,71,32,22,47,0,13
38,64,71,71,54,11,71,0,3,71,71,38,71,0,10
71,38,30,71,71,71,4,71,71,14,71,71,0,0,71
6,71,71,71,2,46,46,71,71,71,60,61,71,0,71
8,1,34,71,38,71,43,71,71,71,13,0,68,0,71
0,0,61,65,71,6,6,71,71,4,71,71,71,0,71
70,71,1,0,71,71,71,71,71,71,39,16,71,0,71
71,46,0,71,22,3,3,71,42,71,60,71,71,0,71
38,71,71,71,71,0,61,71,71,71,10,71,67,0,71
71,54,3,46,71,71,37,16,71,71,71,71,71,0,71
6,71,71,71,71,71,0,71,43,32,35,38,71,0,71
10,3,71,6,71,71,71,0,71,71,60,71,71,0,71
0,71,71,71,3,71,71,6,71,38,71,13,65,0,71
71,71,71,3,71,71,31,71,71,60,71,71,71,0,71
71,71,71,0,71,71,43,62,12,13,31,71,68,0,32
38,71,71,0,71,71,71,71,4,71,60,2,46,0,71
71,60,30,46,50,71,71,71,71,28,71,50,67,0,71
6,58,46,71,71,71,2,43,36,60,71,71,71,0,71
12,71,71,71,71,71,71,71,71,8,27,71,71,0,71
0,4,30,34,6,71,22,38,5,71,60,71,0,0,71
69,71,71,46,71,41,71,71,71,4,47,71,9,0,71
71,71,34,71,71,71,3,22,60,71,71,71,65,0,32
