id,name,power,itemGraphic,cost,tr,option,optionSpeed,animation,graphic,weaponPort,weaponNumber,ammo,stop,iconGraphic,displayName
0,None                          ,0,304,0,0,0,0,0,0|0|0|0|0|0|0|0|0|0|0|0|0|0|0|0|0|0|0|0,0,0,0,0,0,None
1,Single Shot Option            ,0,1,3000,0,2,3,4,168|187|206|187|0|0|0|0|0|0|0|0|0|0|0|0|0|0|0|0,16,1,0,1,1,Single Shot Option
2,Dual Shot Option              ,0,5,6000,0,2,3,4,169|188|207|188|169|0|0|0|0|0|0|0|0|0|0|0|0|0|0|0,16,5,0,1,2,Dual Shot Option
3,Charge Cannon                 ,2,193,15000,0,1,3,9,258|258|258|277|277|277|296|296|296|0|0|0|0|0|0|0|0|0|0|0,16,101,0,1,10,Charge Cannon
4,Vulcan Shot Option            ,0,89,10000,0,1,4,9,167|167|167|186|186|186|205|205|205|0|0|0|0|0|0|0|0|0|0|0,16,11,0,1,3,Vulcan Shot Option
5,Wobbley                       ,0,199,25000,0,1,3,20,166|246|265|265|284|284|303|303|246|246|246|246|246|246|246|246|246|246|246|246,16,366,0,1,7,Wobbley
6,MegaMissile    Ammo 5         ,0,13,4000,0,2,2,15,261|261|261|261|280|280|280|299|299|299|280|280|280|261|261|0|0|0|0|0,16,15,5,1,4,MegaMissile    Ammo 5
7,Atom Bombs     Ammo 20        ,0,201,8000,0,2,3,7,165|184|184|203|203|184|184|0|0|0|0|0|0|0|0|0|0|0|0|0,16,19,20,1,9,Atom Bombs     Ammo 20
8,Phoenix Device Ammo 8         ,0,195,8000,0,1,4,6,171|190|209|228|209|190|0|0|0|0|0|0|0|0|0|0|0|0|0|0,16,22,8,1,8,Phoenix Device Ammo 8
9,Plasma Storm   Ammo 10        ,0,169,8000,0,1,3,20,224|224|224|224|243|243|243|243|262|262|262|262|281|281|281|281|300|300|300|300,16,88,10,1,38,Plasma Storm   Ammo 10
10,Mini-Missile   Ammo 100       ,0,51,1000,0,1,4,15,163|163|163|163|182|182|182|201|201|201|182|182|182|163|163|0|0|0|0|0,16,26,100,1,5,Mini-Missile   Ammo 100
11,Buster Rocket  Ammo 30        ,0,13,12500,0,2,4,7,165|184|184|203|203|184|184|0|0|0|0|0|0|0|0|0|0|0|0|0,16,94,30,1,12,Buster Rocket  Ammo 30
12,Zica SuperCharger             ,4,49,50000,0,1,3,8,3|3|22|22|41|41|60|60|0|0|0|0|0|0|0|0|0|0|0|0,16,199,0,1,11,Zica SuperCharger
13,MicroBomb      Ammo 60        ,0,283,4000,0,2,4,7,165|184|184|203|203|184|184|0|0|0|0|0|0|0|0|0|0|0|0|0,16,29,60,1,39,MicroBomb      Ammo 60
14,8-Way MicroBomb  Ammo 30      ,0,283,7500,0,2,4,7,165|184|184|203|203|184|184|0|0|0|0|0|0|0|0|0|0|0|0|0,16,298,30,1,39,8-Way MicroBomb  Ammo 30
15,Post-It Mine   Ammo 20        ,0,197,7000,0,1,3,7,165|184|184|203|203|184|184|0|0|0|0|0|0|0|0|0|0|0|0|0,16,86,20,1,6,Post-It Mine   Ammo 20
16,Mint-O-Ship                   ,0,199,5000,3,1,3,16,112|112|112|112|131|131|131|131|150|150|150|150|131|131|131|131|0|0|0|0,16,452,0,1,6,Mint-O-Ship
17,Zica Flamethrower             ,0,115,20000,0,1,3,12,87|87|87|106|106|106|125|125|125|144|144|144|0|0|0|0|0|0|0|0,4,780,0,1,6,Zica Flamethrower
18,Side Ship      Ammo 100       ,0,7,3000,0,1,3,11,245|245|264|264|283|283|302|302|245|245|245|144|0|0|0|0|0|0|0|0,16,122,100,1,3,Side Ship      Ammo 100
19,Companion Ship Warfly         ,0,239,5000,1,1,3,2,87|89|0|0|0|0|0|0|0|0|0|0|0|0|0|0|0|0|0|0,16,726,0,1,1,Companion Ship Warfly
20,MicroSol FrontBlaster         ,0,235,8000,2,1,3,1,83|0|0|0|0|0|0|0|0|0|0|0|0|0|0|0|0|0|0|0,16,727,0,1,2,MicroSol FrontBlaster
21,Companion Ship Gerund         ,0,229,10000,1,1,3,1,49|0|0|0|0|0|0|0|0|0|0|0|0|0|0|0|0|0|0|0,16,728,0,1,2,Companion Ship Gerund
22,BattleShip-Class Firebomb     ,0,235,65000,2,1,3,1,83|0|0|0|0|0|0|0|0|0|0|0|0|0|0|0|0|0|0|0,16,729,0,1,2,BattleShip-Class Firebomb
23,Protron Cannon Indigo         ,0,237,12000,2,1,3,1,45|0|0|0|0|0|0|0|0|0|0|0|0|0|0|0|0|0|0|0,16,730,0,1,2,Protron Cannon Indigo
24,Companion Ship Quicksilver    ,0,231,65000,1,1,3,1,47|0|0|0|0|0|0|0|0|0|0|0|0|0|0|0|0|0|0|0,16,233,0,1,2,Companion Ship Quicksilver
25,Protron Cannon Tangerine      ,0,233,30000,2,1,3,1,85|0|0|0|0|0|0|0|0|0|0|0|0|0|0|0|0|0|0|0,16,719,0,1,2,Protron Cannon Tangerine
26,MicroSol FrontBlaster II      ,0,235,14000,2,1,3,1,83|0|0|0|0|0|0|0|0|0|0|0|0|0|0|0|0|0|0|0,16,718,0,1,2,MicroSol FrontBlaster II
27,Beno Wallop Beam              ,0,235,20000,2,1,3,1,43|0|0|0|0|0|0|0|0|0|0|0|0|0|0|0|0|0|0|0,16,736,0,1,2,Beno Wallop Beam
28,Beno Protron System -B-       ,0,235,30000,2,1,3,1,43|0|0|0|0|0|0|0|0|0|0|0|0|0|0|0|0|0|0|0,16,737,0,1,2,Beno Protron System -B-
29,Tropical Cherry Companion     ,0,199,8000,3,1,3,16,113|113|113|113|132|132|132|132|151|151|151|151|132|132|132|132|0|0|0|0,16,453,0,1,6,Tropical Cherry Companion
30,Satellite Marlo               ,0,199,2000,4,1,3,1,152|113|113|113|132|132|132|132|151|151|151|151|132|132|132|132|0|0|0|0,16,470,0,1,6,Satellite Marlo
